<?xml version="1.0" encoding="UTF-8"?>
<gmd:MD_Metadata xmlns:gco="http://www.isotc211.org/2005/gco/"
    xmlns:gmd="http://www.isotc211.org/2005/gmd/"
    xmlns:gml="http://www.opengis.net/gml/"
    xmlns:gts="http://www.isotc211.org/schemas/2005/gts/"
    xmlns:srv="http://www.isotc211.org/2005/srv/"
    xmlns:xlink="http://www.w3.org/1999/xlink/" xmlns:xsi="http://www.w3.org/2001/XMLSchema-instance">
    <gmd:fileIdentifier>
        <gco:CharacterString>se89_mult_admin_provcan_l</gco:CharacterString>
    </gmd:fileIdentifier>
    <gmd:language>
        <gmd:LanguageCode
            codeList="./resources/codeList.xml#LanguageCode" codeListValue="spa">spa</gmd:LanguageCode>
    </gmd:language>
    <gmd:characterSet gco:nilReason="missing"/>
    <gmd:parentIdentifier gco:nilReason="missing"/>
    <gmd:hierarchyLevel gco:nilReason="missing"/>
    <gmd:hierarchyLevelName gco:nilReason="missing"/>
    <gmd:contact gco:nilReason="missing"/>
    <gmd:dateStamp gco:nilReason="missing"/>
    <gmd:metadataStandardName>
        <gco:CharacterString>ISO 19115</gco:CharacterString>
    </gmd:metadataStandardName>
    <gmd:metadataStandardVersion>
        <gco:CharacterString>2003/Cor.1:2006</gco:CharacterString>
    </gmd:metadataStandardVersion>
    <gmd:identificationInfo>
        <gmd:MD_DataIdentification>
            <gmd:citation>
                <gmd:CI_Citation>
                    <gmd:title>
                        <gco:CharacterString>se89_mult_admin_provcan_l</gco:CharacterString>
                    </gmd:title>
                    <gmd:date gco:nilReason="missing"/>
                </gmd:CI_Citation>
            </gmd:citation>
            <gmd:abstract>
                <gco:CharacterString>En el catálogo de capas de información geográfica (tipos de objetos geográficos) se hace una descripción más detallada de cada capa (atributos, asociaciones, etc.). Acceso al catálogo: http://centrodedescargas.cnig.es/CentroDescargas/documentos/InformacionCartografiaSIANE.zip Acceso al producto Cartografía base del Atlas Nacional de España (CartoBase ANE): http://centrodedescargas.cnig.es/CentroDescargas/buscar.do?filtro.codFamilia=CAANE</gco:CharacterString>
            </gmd:abstract>
            <gmd:language gco:nilReason="missing"/>
            <gmd:characterSet gco:nilReason="missing"/>
            <gmd:topicCategory gco:nilReason="missing"/>
            <gmd:extent gco:nilReason="missing"/>
        </gmd:MD_DataIdentification>
    </gmd:identificationInfo>
</gmd:MD_Metadata>
<!--Metadata generated with CatMDEdit version 5.0-->
