<?xml version="1.0" encoding="UTF-8"?>
<gmd:MD_Metadata xmlns:fn="http://www.w3.org/2005/02/xpath-functions"
    xmlns:gco="http://www.isotc211.org/2005/gco"
    xmlns:gmd="http://www.isotc211.org/2005/gmd"
    xmlns:gml="http://www.opengis.net/gml"
    xmlns:gts="http://www.isotc211.org/2005/gts"
    xmlns:sn="http://www.siane.com"
    xmlns:xlink="http://www.w3.org/1999/xlink"
    xmlns:xs="http://www.w3.org/2001/XMLSchema" xmlns:xsi="http://www.w3.org/2001/XMLSchema-instance">
    <gmd:fileIdentifier>
        <gco:CharacterString>SIANE_CARTO_BASE_S_10M</gco:CharacterString>
    </gmd:fileIdentifier>
    <gmd:language>
        <gmd:LanguageCode
            codeList="./resources/codeList.xml#LanguageCode" codeListValue="spa">spa</gmd:LanguageCode>
    </gmd:language>
    <gmd:characterSet>
        <gmd:MD_CharacterSetCode
            codeList="./resources/codeList.xml#MD_CharacterSetCode" codeListValue="utf8">utf8</gmd:MD_CharacterSetCode>
    </gmd:characterSet>
    <gmd:parentIdentifier gco:nilReason="inapplicable"/>
    <gmd:hierarchyLevel>
        <gmd:MD_ScopeCode
            codeList="./resources/codeList.xml#MD_ScopeCode" codeListValue="dataset">dataset</gmd:MD_ScopeCode>
    </gmd:hierarchyLevel>
    <gmd:hierarchyLevelName gco:nilReason="inapplicable"/>
    <gmd:contact>
        <gmd:CI_ResponsibleParty>
            <gmd:individualName>
                <gco:CharacterString/>
            </gmd:individualName>
            <gmd:organisationName>
                <gco:CharacterString>Instituto Geográfico Nacional (IGN)</gco:CharacterString>
            </gmd:organisationName>
            <gmd:positionName>
                <gco:CharacterString/>
            </gmd:positionName>
            <gmd:contactInfo>
                <gmd:CI_Contact>
                    <gmd:phone>
                        <gmd:CI_Telephone>
                            <gmd:voice>
                                <gco:CharacterString/>
                            </gmd:voice>
                            <gmd:facsimile>
                                <gco:CharacterString/>
                            </gmd:facsimile>
                        </gmd:CI_Telephone>
                    </gmd:phone>
                    <gmd:address>
                        <gmd:CI_Address>
                            <gmd:deliveryPoint>
                                <gco:CharacterString/>
                            </gmd:deliveryPoint>
                            <gmd:city>
                                <gco:CharacterString/>
                            </gmd:city>
                            <gmd:administrativeArea>
                                <gco:CharacterString/>
                            </gmd:administrativeArea>
                            <gmd:postalCode>
                                <gco:CharacterString/>
                            </gmd:postalCode>
                            <gmd:electronicMailAddress>
                                <gco:CharacterString>ign@fomento.es</gco:CharacterString>
                            </gmd:electronicMailAddress>
                            <gmd:country>
                                <gco:CharacterString/>
                            </gmd:country>
                        </gmd:CI_Address>
                    </gmd:address>
                    <gmd:onlineResource>
                        <gmd:CI_OnlineResource>
                            <gmd:linkage>
                                <gmd:URL>http://www.ign.es</gmd:URL>
                            </gmd:linkage>
                            <gmd:description>
                                <gco:CharacterString/>
                            </gmd:description>
                        </gmd:CI_OnlineResource>
                    </gmd:onlineResource>
                    <gmd:hoursOfService>
                        <gco:CharacterString/>
                    </gmd:hoursOfService>
                    <gmd:contactInstructions>
                        <gco:CharacterString/>
                    </gmd:contactInstructions>
                </gmd:CI_Contact>
            </gmd:contactInfo>
            <gmd:role>
                <gmd:CI_RoleCode
                    codeList="./resources/codeList.xml#CI_RoleCode" codeListValue="pointOfContact">pointOfContact</gmd:CI_RoleCode>
            </gmd:role>
        </gmd:CI_ResponsibleParty>
    </gmd:contact>
    <gmd:dateStamp>
        <gco:Date>2020-10-13</gco:Date>
    </gmd:dateStamp>
    <gmd:metadataStandardName>
        <gco:CharacterString>ISO 19115</gco:CharacterString>
    </gmd:metadataStandardName>
    <gmd:metadataStandardVersion>
        <gco:CharacterString>2003/Cor.1:2006</gco:CharacterString>
    </gmd:metadataStandardVersion>
    <gmd:referenceSystemInfo>
        <gmd:MD_ReferenceSystem>
            <gmd:referenceSystemIdentifier>
                <gmd:RS_Identifier>
                    <gmd:authority>
                        <gmd:CI_Citation>
                            <gmd:title>
                                <gco:CharacterString>European Petroleum Survey Group (EPSG)</gco:CharacterString>
                            </gmd:title>
                            <gmd:date>
                                <gmd:CI_Date>
                                    <gmd:date>
                                    <gco:Date>2007-08-27</gco:Date>
                                    </gmd:date>
                                    <gmd:dateType>
                                    <gmd:CI_DateTypeCode
                                    codeList="./resources/codeList.xml#CI_DateTypeCode" codeListValue="revision">revision</gmd:CI_DateTypeCode>
                                    </gmd:dateType>
                                </gmd:CI_Date>
                            </gmd:date>
                            <gmd:citedResponsibleParty>
                                <gmd:CI_ResponsibleParty>
                                    <gmd:individualName gco:nilReason="missing"/>
                                    <gmd:organisationName gco:nilReason="missing"/>
                                    <gmd:positionName gco:nilReason="missing"/>
                                    <gmd:contactInfo>
                                    <gmd:CI_Contact>
                                    <gmd:onlineResource>
                                    <gmd:CI_OnlineResource>
                                    <gmd:linkage>
                                    <gmd:URL>http://www.epsg.org/</gmd:URL>
                                    </gmd:linkage>
                                    </gmd:CI_OnlineResource>
                                    </gmd:onlineResource>
                                    </gmd:CI_Contact>
                                    </gmd:contactInfo>
                                    <gmd:role>
                                    <gmd:CI_RoleCode
                                    codeList="./resources/codeList.xml#CI_RoleCode" codeListValue="pointOfContact">pointOfContact</gmd:CI_RoleCode>
                                    </gmd:role>
                                </gmd:CI_ResponsibleParty>
                            </gmd:citedResponsibleParty>
                        </gmd:CI_Citation>
                    </gmd:authority>
                    <gmd:code>
                        <gco:CharacterString>EPSG:4258</gco:CharacterString>
                    </gmd:code>
                </gmd:RS_Identifier>
            </gmd:referenceSystemIdentifier>
        </gmd:MD_ReferenceSystem>
    </gmd:referenceSystemInfo>
    <gmd:referenceSystemInfo>
        <gmd:MD_ReferenceSystem>
            <gmd:referenceSystemIdentifier>
                <gmd:RS_Identifier>
                    <gmd:authority>
                        <gmd:CI_Citation>
                            <gmd:title>
                                <gco:CharacterString>Instituto Geográfico Nacional (IGN-ES)</gco:CharacterString>
                            </gmd:title>
                            <gmd:date>
                                <gmd:CI_Date>
                                    <gmd:date>
                                    <gco:Date>2008-04-01</gco:Date>
                                    </gmd:date>
                                    <gmd:dateType>
                                    <gmd:CI_DateTypeCode
                                    codeList="./resources/codeList.xml#CI_DateTypeCode" codeListValue="creation">creation</gmd:CI_DateTypeCode>
                                    </gmd:dateType>
                                </gmd:CI_Date>
                            </gmd:date>
                            <gmd:citedResponsibleParty>
                                <gmd:CI_ResponsibleParty>
                                    <gmd:individualName gco:nilReason="missing"/>
                                    <gmd:organisationName gco:nilReason="missing"/>
                                    <gmd:positionName gco:nilReason="missing"/>
                                    <gmd:contactInfo>
                                    <gmd:CI_Contact>
                                    <gmd:onlineResource>
                                    <gmd:CI_OnlineResource>
                                    <gmd:linkage>
                                    <gmd:URL>http://www.ign.es/siane/Ficheros/ProyeccionesMapasANE.pdf</gmd:URL>
                                    </gmd:linkage>
                                    </gmd:CI_OnlineResource>
                                    </gmd:onlineResource>
                                    </gmd:CI_Contact>
                                    </gmd:contactInfo>
                                    <gmd:role>
                                    <gmd:CI_RoleCode
                                    codeList="./resources/codeList.xml#CI_RoleCode" codeListValue="originator">originator</gmd:CI_RoleCode>
                                    </gmd:role>
                                </gmd:CI_ResponsibleParty>
                            </gmd:citedResponsibleParty>
                        </gmd:CI_Citation>
                    </gmd:authority>
                    <gmd:code>
                        <gco:CharacterString>ES-IGN-ANE:1</gco:CharacterString>
                    </gmd:code>
                </gmd:RS_Identifier>
            </gmd:referenceSystemIdentifier>
        </gmd:MD_ReferenceSystem>
    </gmd:referenceSystemInfo>
    <gmd:referenceSystemInfo>
        <gmd:MD_ReferenceSystem>
            <gmd:referenceSystemIdentifier>
                <gmd:RS_Identifier>
                    <gmd:authority>
                        <gmd:CI_Citation>
                            <gmd:title>
                                <gco:CharacterString>Instituto Geográfico Nacional (IGN-ES)</gco:CharacterString>
                            </gmd:title>
                            <gmd:date>
                                <gmd:CI_Date>
                                    <gmd:date>
                                    <gco:Date>2008-04-01</gco:Date>
                                    </gmd:date>
                                    <gmd:dateType>
                                    <gmd:CI_DateTypeCode
                                    codeList="./resources/codeList.xml#CI_DateTypeCode" codeListValue="creation">creation</gmd:CI_DateTypeCode>
                                    </gmd:dateType>
                                </gmd:CI_Date>
                            </gmd:date>
                            <gmd:citedResponsibleParty>
                                <gmd:CI_ResponsibleParty>
                                    <gmd:individualName gco:nilReason="missing"/>
                                    <gmd:organisationName gco:nilReason="missing"/>
                                    <gmd:positionName gco:nilReason="missing"/>
                                    <gmd:contactInfo>
                                    <gmd:CI_Contact>
                                    <gmd:phone>
                                    <gmd:CI_Telephone>
                                    <gmd:voice>
                                    <gco:CharacterString/>
                                    </gmd:voice>
                                    <gmd:facsimile>
                                    <gco:CharacterString/>
                                    </gmd:facsimile>
                                    </gmd:CI_Telephone>
                                    </gmd:phone>
                                    <gmd:address>
                                    <gmd:CI_Address>
                                    <gmd:deliveryPoint>
                                    <gco:CharacterString/>
                                    </gmd:deliveryPoint>
                                    <gmd:city>
                                    <gco:CharacterString/>
                                    </gmd:city>
                                    <gmd:administrativeArea>
                                    <gco:CharacterString/>
                                    </gmd:administrativeArea>
                                    <gmd:postalCode>
                                    <gco:CharacterString/>
                                    </gmd:postalCode>
                                    <gmd:electronicMailAddress>
                                    <gco:CharacterString/>
                                    </gmd:electronicMailAddress>
                                    <gmd:country>
                                    <gco:CharacterString/>
                                    </gmd:country>
                                    </gmd:CI_Address>
                                    </gmd:address>
                                    <gmd:onlineResource>
                                    <gmd:CI_OnlineResource>
                                    <gmd:linkage>
                                    <gmd:URL>http://www.ign.es/siane/Ficheros/ProyeccionesMapasANE.pdf</gmd:URL>
                                    </gmd:linkage>
                                    <gmd:description>
                                    <gco:CharacterString/>
                                    </gmd:description>
                                    </gmd:CI_OnlineResource>
                                    </gmd:onlineResource>
                                    <gmd:hoursOfService>
                                    <gco:CharacterString/>
                                    </gmd:hoursOfService>
                                    <gmd:contactInstructions>
                                    <gco:CharacterString/>
                                    </gmd:contactInstructions>
                                    </gmd:CI_Contact>
                                    </gmd:contactInfo>
                                    <gmd:role>
                                    <gmd:CI_RoleCode
                                    codeList="./resources/codeList.xml#CI_RoleCode" codeListValue="originator">originator</gmd:CI_RoleCode>
                                    </gmd:role>
                                </gmd:CI_ResponsibleParty>
                            </gmd:citedResponsibleParty>
                        </gmd:CI_Citation>
                    </gmd:authority>
                    <gmd:code>
                        <gco:CharacterString>ES-IGN-ANE:2</gco:CharacterString>
                    </gmd:code>
                </gmd:RS_Identifier>
            </gmd:referenceSystemIdentifier>
        </gmd:MD_ReferenceSystem>
    </gmd:referenceSystemInfo>
    <gmd:identificationInfo>
        <gmd:MD_DataIdentification>
            <gmd:citation>
                <gmd:CI_Citation>
                    <gmd:title>
                        <gco:CharacterString>Cartografía base del Atlas Nacional de España. España 1:10.000.000</gco:CharacterString>
                    </gmd:title>
                    <gmd:alternateTitle>
                        <gco:CharacterString>SIANE_CARTO_BASE_S_10M</gco:CharacterString>
                    </gmd:alternateTitle>
                    <gmd:alternateTitle>
                        <gco:CharacterString>CartoBase ANE. España 1:10.000.000</gco:CharacterString>
                    </gmd:alternateTitle>
                    <gmd:date>
                        <gmd:CI_Date>
                            <gmd:date>
                                <gco:Date>2020-10-13</gco:Date>
                            </gmd:date>
                            <gmd:dateType>
                                <gmd:CI_DateTypeCode
                                    codeList="./resources/codeList.xml#CI_DateTypeCode" codeListValue="creation">creation</gmd:CI_DateTypeCode>
                            </gmd:dateType>
                        </gmd:CI_Date>
                    </gmd:date>
                    <gmd:date>
                        <gmd:CI_Date>
                            <gmd:date>
                                <gco:Date>2020-10-13</gco:Date>
                            </gmd:date>
                            <gmd:dateType>
                                <gmd:CI_DateTypeCode
                                    codeList="./resources/codeList.xml#CI_DateTypeCode" codeListValue="publication">publication</gmd:CI_DateTypeCode>
                            </gmd:dateType>
                        </gmd:CI_Date>
                    </gmd:date>
                    <gmd:edition>
                        <gco:CharacterString>2.9</gco:CharacterString>
                    </gmd:edition>
                    <gmd:identifier>
                        <gmd:RS_Identifier>
                            <gmd:code>
                                <gco:CharacterString>es.ign.ane.siane_carto_base_s_10m</gco:CharacterString>
                            </gmd:code>
                        </gmd:RS_Identifier>
                    </gmd:identifier>
                    <gmd:citedResponsibleParty>
                        <gmd:CI_ResponsibleParty>
                            <gmd:individualName>
                                <gco:CharacterString/>
                            </gmd:individualName>
                            <gmd:organisationName>
                                <gco:CharacterString>Instituto Geográfico Nacional (IGN)</gco:CharacterString>
                            </gmd:organisationName>
                            <gmd:positionName>
                                <gco:CharacterString/>
                            </gmd:positionName>
                            <gmd:contactInfo>
                                <gmd:CI_Contact>
                                    <gmd:phone>
                                    <gmd:CI_Telephone>
                                    <gmd:voice>
                                    <gco:CharacterString/>
                                    </gmd:voice>
                                    <gmd:facsimile>
                                    <gco:CharacterString/>
                                    </gmd:facsimile>
                                    </gmd:CI_Telephone>
                                    </gmd:phone>
                                    <gmd:address>
                                    <gmd:CI_Address>
                                    <gmd:deliveryPoint>
                                    <gco:CharacterString/>
                                    </gmd:deliveryPoint>
                                    <gmd:city>
                                    <gco:CharacterString/>
                                    </gmd:city>
                                    <gmd:administrativeArea>
                                    <gco:CharacterString/>
                                    </gmd:administrativeArea>
                                    <gmd:postalCode>
                                    <gco:CharacterString/>
                                    </gmd:postalCode>
                                    <gmd:electronicMailAddress>
                                    <gco:CharacterString>ign@fomento.es</gco:CharacterString>
                                    </gmd:electronicMailAddress>
                                    <gmd:country>
                                    <gco:CharacterString/>
                                    </gmd:country>
                                    </gmd:CI_Address>
                                    </gmd:address>
                                    <gmd:onlineResource>
                                    <gmd:CI_OnlineResource>
                                    <gmd:linkage>
                                    <gmd:URL>http://www.ign.es</gmd:URL>
                                    </gmd:linkage>
                                    <gmd:description>
                                    <gco:CharacterString/>
                                    </gmd:description>
                                    </gmd:CI_OnlineResource>
                                    </gmd:onlineResource>
                                    <gmd:hoursOfService>
                                    <gco:CharacterString/>
                                    </gmd:hoursOfService>
                                    <gmd:contactInstructions>
                                    <gco:CharacterString/>
                                    </gmd:contactInstructions>
                                </gmd:CI_Contact>
                            </gmd:contactInfo>
                            <gmd:role>
                                <gmd:CI_RoleCode
                                    codeList="./resources/codeList.xml#CI_RoleCode" codeListValue="pointOfContact">pointOfContact</gmd:CI_RoleCode>
                            </gmd:role>
                        </gmd:CI_ResponsibleParty>
                    </gmd:citedResponsibleParty>
                    <gmd:presentationForm>
                        <gmd:CI_PresentationFormCode
                            codeList="./resources/codeList.xml#CI_PresentationFormCode" codeListValue="mapDigital">mapDigital</gmd:CI_PresentationFormCode>
                    </gmd:presentationForm>
                </gmd:CI_Citation>
            </gmd:citation>
            <gmd:abstract>
                <gco:CharacterString>Archivo zip que contiene varios archivos con la cartografía base de España, a escala 1:10.000.000, del Sistema de Información del Atlas Nacional de España (SIANE). En el catálogo de capas de información geográfica (tipos de objetos geográficos) se hace una descripción más detallada de cada capa (atributos, asociaciones, etc.). Acceso al catálogo: http://centrodedescargas.cnig.es/CentroDescargas/documentos/InformacionCartografiaSIANE.zip Acceso al producto Cartografía base del Atlas Nacional de España (CartoBase ANE): http://centrodedescargas.cnig.es/CentroDescargas/buscar.do?filtro.codFamilia=CAANE</gco:CharacterString>
            </gmd:abstract>
            <gmd:purpose>
                <gco:CharacterString>Contribuir a la formación del Atlas Nacional de España.</gco:CharacterString>
            </gmd:purpose>
            <gmd:status>
                <gmd:MD_ProgressCode
                    codeList="./resources/codeList.xml#MD_ProgressCode" codeListValue="published">published</gmd:MD_ProgressCode>
            </gmd:status>
            <gmd:pointOfContact>
                <gmd:CI_ResponsibleParty>
                    <gmd:individualName>
                        <gco:CharacterString/>
                    </gmd:individualName>
                    <gmd:organisationName>
                        <gco:CharacterString>Instituto Geográfico Nacional (IGN)</gco:CharacterString>
                    </gmd:organisationName>
                    <gmd:positionName>
                        <gco:CharacterString/>
                    </gmd:positionName>
                    <gmd:contactInfo>
                        <gmd:CI_Contact>
                            <gmd:phone>
                                <gmd:CI_Telephone>
                                    <gmd:voice>
                                    <gco:CharacterString/>
                                    </gmd:voice>
                                    <gmd:facsimile>
                                    <gco:CharacterString/>
                                    </gmd:facsimile>
                                </gmd:CI_Telephone>
                            </gmd:phone>
                            <gmd:address>
                                <gmd:CI_Address>
                                    <gmd:deliveryPoint>
                                    <gco:CharacterString/>
                                    </gmd:deliveryPoint>
                                    <gmd:city>
                                    <gco:CharacterString/>
                                    </gmd:city>
                                    <gmd:administrativeArea>
                                    <gco:CharacterString/>
                                    </gmd:administrativeArea>
                                    <gmd:postalCode>
                                    <gco:CharacterString/>
                                    </gmd:postalCode>
                                    <gmd:electronicMailAddress>
                                    <gco:CharacterString>ign@fomento.es</gco:CharacterString>
                                    </gmd:electronicMailAddress>
                                    <gmd:country>
                                    <gco:CharacterString/>
                                    </gmd:country>
                                </gmd:CI_Address>
                            </gmd:address>
                            <gmd:onlineResource>
                                <gmd:CI_OnlineResource>
                                    <gmd:linkage>
                                    <gmd:URL>http://www.ign.es</gmd:URL>
                                    </gmd:linkage>
                                    <gmd:description>
                                    <gco:CharacterString/>
                                    </gmd:description>
                                </gmd:CI_OnlineResource>
                            </gmd:onlineResource>
                            <gmd:hoursOfService>
                                <gco:CharacterString/>
                            </gmd:hoursOfService>
                            <gmd:contactInstructions>
                                <gco:CharacterString/>
                            </gmd:contactInstructions>
                        </gmd:CI_Contact>
                    </gmd:contactInfo>
                    <gmd:role>
                        <gmd:CI_RoleCode
                            codeList="./resources/codeList.xml#CI_RoleCode" codeListValue="originator">originator</gmd:CI_RoleCode>
                    </gmd:role>
                </gmd:CI_ResponsibleParty>
            </gmd:pointOfContact>
            <gmd:resourceMaintenance>
                <gmd:MD_MaintenanceInformation>
                    <gmd:maintenanceAndUpdateFrequency>
                        <gmd:MD_MaintenanceFrequencyCode>continual</gmd:MD_MaintenanceFrequencyCode>
                    </gmd:maintenanceAndUpdateFrequency>
                    <gmd:dateOfNextUpdate>
                        <gco:Date/>
                    </gmd:dateOfNextUpdate>
                    <gmd:userDefinedMaintenanceFrequency>
                        <gts:TM_PeriodDuration/>
                    </gmd:userDefinedMaintenanceFrequency>
                </gmd:MD_MaintenanceInformation>
            </gmd:resourceMaintenance>
            <gmd:resourceFormat>
                <gmd:MD_Format>
                    <gmd:name>
                        <gco:CharacterString>DBF</gco:CharacterString>
                    </gmd:name>
                    <gmd:version>
                        <gco:CharacterString>III+ (1986)</gco:CharacterString>
                    </gmd:version>
                </gmd:MD_Format>
            </gmd:resourceFormat>
            <gmd:resourceFormat>
                <gmd:MD_Format>
                    <gmd:name>
                        <gco:CharacterString>SHP</gco:CharacterString>
                    </gmd:name>
                    <gmd:version>
                        <gco:CharacterString>1998</gco:CharacterString>
                    </gmd:version>
                </gmd:MD_Format>
            </gmd:resourceFormat>
            <gmd:resourceFormat>
                <gmd:MD_Format>
                    <gmd:name>
                        <gco:CharacterString>XML</gco:CharacterString>
                    </gmd:name>
                    <gmd:version>
                        <gco:CharacterString>1998</gco:CharacterString>
                    </gmd:version>
                </gmd:MD_Format>
            </gmd:resourceFormat>
            <gmd:resourceFormat>
                <gmd:MD_Format>
                    <gmd:name>
                        <gco:CharacterString>MDB</gco:CharacterString>
                    </gmd:name>
                    <gmd:version>
                        <gco:CharacterString>2003</gco:CharacterString>
                    </gmd:version>
                </gmd:MD_Format>
            </gmd:resourceFormat>
            <gmd:descriptiveKeywords>
                <gmd:MD_Keywords>
                    <gmd:keyword>
                        <gco:CharacterString>bases cartográficas</gco:CharacterString>
                    </gmd:keyword>
                    <gmd:keyword>
                        <gco:CharacterString>cartografía base</gco:CharacterString>
                    </gmd:keyword>
                    <gmd:keyword>
                        <gco:CharacterString>provincias</gco:CharacterString>
                    </gmd:keyword>
                    <gmd:keyword>
                        <gco:CharacterString>capitales de provincias</gco:CharacterString>
                    </gmd:keyword>
                    <gmd:keyword>
                        <gco:CharacterString>comunidades autónomas</gco:CharacterString>
                    </gmd:keyword>
                    <gmd:keyword>
                        <gco:CharacterString>capitales de comunidades autónomas</gco:CharacterString>
                    </gmd:keyword>
                    <gmd:type>
                        <gmd:MD_KeywordTypeCode
                            codeList="./resources/codeList.xml#CI_RoleCode" codeListValue=""/>
                    </gmd:type>
                    <gmd:thesaurusName>
                        <gmd:CI_Citation>
                            <gmd:title>
                                <gco:CharacterString>Tesauro del ANE</gco:CharacterString>
                            </gmd:title>
                            <gmd:alternateTitle>
                                <gco:CharacterString/>
                            </gmd:alternateTitle>
                            <gmd:date>
                                <gmd:CI_Date>
                                    <gmd:date>
                                    <gco:Date>2014-07-30</gco:Date>
                                    </gmd:date>
                                    <gmd:dateType>
                                    <gmd:CI_DateTypeCode
                                    codeList="./resources/codeList.xml#CI_DateTypeCode" codeListValue="revision">revision</gmd:CI_DateTypeCode>
                                    </gmd:dateType>
                                </gmd:CI_Date>
                            </gmd:date>
                            <gmd:edition>
                                <gco:CharacterString/>
                            </gmd:edition>
                            <gmd:editionDate>
                                <gco:Date/>
                            </gmd:editionDate>
                            <gmd:citedResponsibleParty>
                                <gmd:CI_ResponsibleParty>
                                    <gmd:individualName>
                                    <gco:CharacterString/>
                                    </gmd:individualName>
                                    <gmd:organisationName>
                                    <gco:CharacterString>Instituto Geográfico Nacional</gco:CharacterString>
                                    </gmd:organisationName>
                                    <gmd:positionName>
                                    <gco:CharacterString/>
                                    </gmd:positionName>
                                    <gmd:contactInfo>
                                    <gmd:CI_Contact>
                                    <gmd:phone>
                                    <gmd:CI_Telephone/>
                                    </gmd:phone>
                                    <gmd:address>
                                    <gmd:CI_Address>
                                    <gmd:city>
                                    <gco:CharacterString/>
                                    </gmd:city>
                                    <gmd:administrativeArea>
                                    <gco:CharacterString/>
                                    </gmd:administrativeArea>
                                    <gmd:postalCode>
                                    <gco:CharacterString/>
                                    </gmd:postalCode>
                                    <gmd:electronicMailAddress>
                                    <gco:CharacterString>ane@mitma.es</gco:CharacterString>
                                    </gmd:electronicMailAddress>
                                    <gmd:country>
                                    <gco:CharacterString/>
                                    </gmd:country>
                                    </gmd:CI_Address>
                                    </gmd:address>
                                    <gmd:onlineResource>
                                    <gmd:CI_OnlineResource>
                                    <gmd:linkage>
                                    <gmd:URL/>
                                    </gmd:linkage>
                                    <gmd:description>
                                    <gco:CharacterString/>
                                    </gmd:description>
                                    </gmd:CI_OnlineResource>
                                    </gmd:onlineResource>
                                    <gmd:hoursOfService>
                                    <gco:CharacterString/>
                                    </gmd:hoursOfService>
                                    <gmd:contactInstructions>
                                    <gco:CharacterString/>
                                    </gmd:contactInstructions>
                                    </gmd:CI_Contact>
                                    </gmd:contactInfo>
                                    <gmd:role>
                                    <gmd:CI_RoleCode
                                    codeList="./resources/codeList.xml#CI_RoleCode" codeListValue="originator">originator</gmd:CI_RoleCode>
                                    </gmd:role>
                                </gmd:CI_ResponsibleParty>
                            </gmd:citedResponsibleParty>
                            <gmd:presentationForm>
                                <gmd:CI_PresentationFormCode
                                    codeList="./resources/codeList.xml#CI_PresentationFormCode" codeListValue=""/>
                            </gmd:presentationForm>
                            <gmd:ISBN>
                                <gco:CharacterString/>
                            </gmd:ISBN>
                            <gmd:otherCitationDetails>
                                <gco:CharacterString/>
                            </gmd:otherCitationDetails>
                        </gmd:CI_Citation>
                    </gmd:thesaurusName>
                </gmd:MD_Keywords>
            </gmd:descriptiveKeywords>
            <gmd:resourceSpecificUsage>
                <gmd:MD_Usage>
                    <gmd:specificUsage>
                        <gco:CharacterString>Elaboración de la cartografía del Atlas Nacional de España. Las distintas capas de información geográfica se emplean según las necesidades del mapa a representar.</gco:CharacterString>
                    </gmd:specificUsage>
                    <gmd:userContactInfo>
                        <gmd:CI_ResponsibleParty>
                            <gmd:individualName>
                                <gco:CharacterString/>
                            </gmd:individualName>
                            <gmd:organisationName>
                                <gco:CharacterString>Instituto Geográfico Nacional. Atlas Nacional de España.</gco:CharacterString>
                            </gmd:organisationName>
                            <gmd:positionName>
                                <gco:CharacterString/>
                            </gmd:positionName>
                            <gmd:contactInfo>
                                <gmd:CI_Contact>
                                    <gmd:phone>
                                    <gmd:CI_Telephone>
                                    <gmd:voice>
                                    <gco:CharacterString/>
                                    </gmd:voice>
                                    <gmd:facsimile>
                                    <gco:CharacterString/>
                                    </gmd:facsimile>
                                    </gmd:CI_Telephone>
                                    </gmd:phone>
                                    <gmd:address>
                                    <gmd:CI_Address>
                                    <gmd:deliveryPoint>
                                    <gco:CharacterString/>
                                    </gmd:deliveryPoint>
                                    <gmd:city>
                                    <gco:CharacterString/>
                                    </gmd:city>
                                    <gmd:administrativeArea>
                                    <gco:CharacterString/>
                                    </gmd:administrativeArea>
                                    <gmd:postalCode>
                                    <gco:CharacterString/>
                                    </gmd:postalCode>
                                    <gmd:electronicMailAddress>
                                    <gco:CharacterString>ane@mitma.es</gco:CharacterString>
                                    </gmd:electronicMailAddress>
                                    <gmd:country>
                                    <gco:CharacterString/>
                                    </gmd:country>
                                    </gmd:CI_Address>
                                    </gmd:address>
                                    <gmd:onlineResource>
                                    <gmd:CI_OnlineResource>
                                    <gmd:linkage>
                                    <gmd:URL/>
                                    </gmd:linkage>
                                    <gmd:description>
                                    <gco:CharacterString/>
                                    </gmd:description>
                                    </gmd:CI_OnlineResource>
                                    </gmd:onlineResource>
                                    <gmd:hoursOfService>
                                    <gco:CharacterString/>
                                    </gmd:hoursOfService>
                                    <gmd:contactInstructions>
                                    <gco:CharacterString/>
                                    </gmd:contactInstructions>
                                </gmd:CI_Contact>
                            </gmd:contactInfo>
                            <gmd:role>
                                <gmd:CI_RoleCode
                                    codeList="./resources/codeList.xml#CI_RoleCode" codeListValue="pointOfContact">pointOfContact</gmd:CI_RoleCode>
                            </gmd:role>
                        </gmd:CI_ResponsibleParty>
                    </gmd:userContactInfo>
                </gmd:MD_Usage>
            </gmd:resourceSpecificUsage>
            <gmd:resourceConstraints>
                <gmd:MD_LegalConstraints>
                    <gmd:useLimitation>
                        <gco:CharacterString>http://www.ign.es/resources/licencia/Condiciones_licenciaUso_IGN.pdf</gco:CharacterString>
                    </gmd:useLimitation>
                    <gmd:accessConstraints>
                        <gmd:MD_RestrictionCode
                            codeList="./resources/codeList.xml#MD_RestrictionCode" codeListValue="license">license</gmd:MD_RestrictionCode>
                    </gmd:accessConstraints>
                    <gmd:otherConstraints>
                        <gco:CharacterString>Atlas Nacional de España (ANE) CC BY 4.0 ign.es</gco:CharacterString>
                    </gmd:otherConstraints>
                </gmd:MD_LegalConstraints>
            </gmd:resourceConstraints>
            <gmd:spatialRepresentationType>
                <gmd:MD_SpatialRepresentationTypeCode
                    codeList="./resources/codeList.xml#MD_SpatialRepresentationTypeCode" codeListValue="vector">vector</gmd:MD_SpatialRepresentationTypeCode>
            </gmd:spatialRepresentationType>
            <gmd:spatialResolution>
                <gmd:MD_Resolution>
                    <gmd:equivalentScale>
                        <gmd:MD_RepresentativeFraction>
                            <gmd:denominator>
                                <gco:Integer>10000000</gco:Integer>
                            </gmd:denominator>
                        </gmd:MD_RepresentativeFraction>
                    </gmd:equivalentScale>
                </gmd:MD_Resolution>
            </gmd:spatialResolution>
            <gmd:language>
                <gmd:LanguageCode
                    codeList="./resources/codeList.xml#LanguageCode" codeListValue="es">es</gmd:LanguageCode>
            </gmd:language>
            <gmd:characterSet>
                <gmd:MD_CharacterSetCode
                    codeList="./resources/codeList.xml#MD_CharacterSetCode" codeListValue="8859part1">8859part1</gmd:MD_CharacterSetCode>
            </gmd:characterSet>
            <gmd:characterSet>
                <gmd:MD_CharacterSetCode
                    codeList="./resources/codeList.xml#MD_CharacterSetCode" codeListValue="utf8">utf8</gmd:MD_CharacterSetCode>
            </gmd:characterSet>
            <gmd:topicCategory>
                <gmd:MD_TopicCategoryCode>imageryBaseMapsEarthCover</gmd:MD_TopicCategoryCode>
            </gmd:topicCategory>
            <gmd:extent>
                <gmd:EX_Extent>
                    <gmd:description>
                        <gco:CharacterString>España</gco:CharacterString>
                    </gmd:description>
                    <gmd:geographicElement>
                        <gmd:EX_GeographicBoundingBox>
                            <gmd:extentTypeCode>
                                <gco:Boolean>true</gco:Boolean>
                            </gmd:extentTypeCode>
                            <gmd:westBoundLongitude>
                                <gco:Decimal>-18.41</gco:Decimal>
                            </gmd:westBoundLongitude>
                            <gmd:eastBoundLongitude>
                                <gco:Decimal>4.43</gco:Decimal>
                            </gmd:eastBoundLongitude>
                            <gmd:southBoundLatitude>
                                <gco:Decimal>27.40</gco:Decimal>
                            </gmd:southBoundLatitude>
                            <gmd:northBoundLatitude>
                                <gco:Decimal>43.91</gco:Decimal>
                            </gmd:northBoundLatitude>
                        </gmd:EX_GeographicBoundingBox>
                    </gmd:geographicElement>
                    <gmd:temporalElement>
                        <gmd:EX_TemporalExtent>
                            <gmd:extent>
                                <gml:TimePeriod gml:id="timePeriodDate">
                                    <gml:begin>
                                    <gml:TimeInstant gml:id="timeInstantDateBegin">
                                    <gml:timePosition>2006-01-01</gml:timePosition>
                                    </gml:TimeInstant>
                                    </gml:begin>
                                    <gml:end>
                                    <gml:TimeInstant gml:id="timeInstantDateEnd">
                                    <gml:timePosition>2020-01-01</gml:timePosition>
                                    </gml:TimeInstant>
                                    </gml:end>
                                </gml:TimePeriod>
                            </gmd:extent>
                        </gmd:EX_TemporalExtent>
                    </gmd:temporalElement>
                    <gmd:verticalElement gco:nilReason="missing"/>
                </gmd:EX_Extent>
            </gmd:extent>
        </gmd:MD_DataIdentification>
    </gmd:identificationInfo>
    <gmd:distributionInfo>
        <gmd:MD_Distribution>
            <gmd:distributionFormat>
                <gmd:MD_Format>
                    <gmd:name>
                        <gco:CharacterString>DBF</gco:CharacterString>
                    </gmd:name>
                    <gmd:version>
                        <gco:CharacterString>III+ (1986)</gco:CharacterString>
                    </gmd:version>
                </gmd:MD_Format>
            </gmd:distributionFormat>
            <gmd:distributionFormat>
                <gmd:MD_Format>
                    <gmd:name>
                        <gco:CharacterString>SHP</gco:CharacterString>
                    </gmd:name>
                    <gmd:version>
                        <gco:CharacterString>1998</gco:CharacterString>
                    </gmd:version>
                </gmd:MD_Format>
            </gmd:distributionFormat>
            <gmd:distributionFormat>
                <gmd:MD_Format>
                    <gmd:name>
                        <gco:CharacterString>XML</gco:CharacterString>
                    </gmd:name>
                    <gmd:version>
                        <gco:CharacterString>1998</gco:CharacterString>
                    </gmd:version>
                </gmd:MD_Format>
            </gmd:distributionFormat>
            <gmd:distributor>
                <gmd:MD_Distributor>
                    <gmd:distributorContact>
                        <gmd:CI_ResponsibleParty>
                            <gmd:individualName>
                                <gco:CharacterString/>
                            </gmd:individualName>
                            <gmd:organisationName>
                                <gco:CharacterString>Centro Nacional de Información Geográfica (CNIG)</gco:CharacterString>
                            </gmd:organisationName>
                            <gmd:positionName>
                                <gco:CharacterString>Servicio de comercialización. Casa del Mapa</gco:CharacterString>
                            </gmd:positionName>
                            <gmd:contactInfo>
                                <gmd:CI_Contact>
                                    <gmd:phone>
                                    <gmd:CI_Telephone>
                                    <gmd:voice>
                                    <gco:CharacterString>+34 91 597 94 53</gco:CharacterString>
                                    </gmd:voice>
                                    <gmd:facsimile>
                                    <gco:CharacterString>+34 91 553 29 13</gco:CharacterString>
                                    </gmd:facsimile>
                                    </gmd:CI_Telephone>
                                    </gmd:phone>
                                    <gmd:address>
                                    <gmd:CI_Address>
                                    <gmd:deliveryPoint>
                                    <gco:CharacterString>Calle General Ibáñez de Íbero, 3</gco:CharacterString>
                                    </gmd:deliveryPoint>
                                    <gmd:city>
                                    <gco:CharacterString>Madrid</gco:CharacterString>
                                    </gmd:city>
                                    <gmd:administrativeArea>
                                    <gco:CharacterString>Madrid</gco:CharacterString>
                                    </gmd:administrativeArea>
                                    <gmd:postalCode>
                                    <gco:CharacterString>28003</gco:CharacterString>
                                    </gmd:postalCode>
                                    <gmd:electronicMailAddress>
                                    <gco:CharacterString>consulta@cnig.es</gco:CharacterString>
                                    </gmd:electronicMailAddress>
                                    <gmd:country>
                                    <gco:CharacterString>España</gco:CharacterString>
                                    </gmd:country>
                                    </gmd:CI_Address>
                                    </gmd:address>
                                    <gmd:onlineResource>
                                    <gmd:CI_OnlineResource>
                                    <gmd:linkage>
                                    <gmd:URL>http://www.cnig.es</gmd:URL>
                                    </gmd:linkage>
                                    <gmd:description>
                                    <gco:CharacterString>Página Web del Centro Nacional de Información Geográfica desde la que se puede obtener información del propio organismo, consultar, visualizar y adquirir los productos existentes y acceder desde su página principal a la Web de IDEE, IGN o a la plataforma de los Institutos Geográficos de Iberoamérica.</gco:CharacterString>
                                    </gmd:description>
                                    </gmd:CI_OnlineResource>
                                    </gmd:onlineResource>
                                    <gmd:hoursOfService>
                                    <gco:CharacterString>9-14 h.</gco:CharacterString>
                                    </gmd:hoursOfService>
                                    <gmd:contactInstructions>
                                    <gco:CharacterString/>
                                    </gmd:contactInstructions>
                                </gmd:CI_Contact>
                            </gmd:contactInfo>
                            <gmd:role>
                                <gmd:CI_RoleCode
                                    codeList="./resources/codeList.xml#CI_RoleCode" codeListValue="distributor">distributor</gmd:CI_RoleCode>
                            </gmd:role>
                        </gmd:CI_ResponsibleParty>
                    </gmd:distributorContact>
                    <gmd:distributionOrderProcess>
                        <gmd:MD_StandardOrderProcess>
                            <gmd:fees>
                                <gco:CharacterString/>
                            </gmd:fees>
                            <gmd:orderingInstructions>
                                <gco:CharacterString/>
                            </gmd:orderingInstructions>
                            <gmd:turnaround>
                                <gco:CharacterString/>
                            </gmd:turnaround>
                        </gmd:MD_StandardOrderProcess>
                    </gmd:distributionOrderProcess>
                </gmd:MD_Distributor>
            </gmd:distributor>
            <gmd:transferOptions>
                <gmd:MD_DigitalTransferOptions>
                    <gmd:onLine>
                        <gmd:CI_OnlineResource>
                            <gmd:linkage>
                                <gmd:URL>http://centrodedescargas.cnig.es/CentroDescargas/busquedaRedirigida.do?ruta=PUBLICACION_CNIG_DATOS_VARIOS/ane/SIANE_CARTO_BASE_S_10M.zip</gmd:URL>
                            </gmd:linkage>
                        </gmd:CI_OnlineResource>
                    </gmd:onLine>
                </gmd:MD_DigitalTransferOptions>
            </gmd:transferOptions>
        </gmd:MD_Distribution>
    </gmd:distributionInfo>
    <gmd:dataQualityInfo>
        <gmd:DQ_DataQuality>
            <gmd:scope>
                <gmd:DQ_Scope>
                    <gmd:level>
                        <gmd:MD_ScopeCode codeList="dataset">dataset</gmd:MD_ScopeCode>
                    </gmd:level>
                    <gmd:extent>
                        <gmd:EX_Extent>
                            <gmd:description>
                                <gco:CharacterString/>
                            </gmd:description>
                            <gmd:geographicElement>
                                <gmd:EX_GeographicBoundingBox>
                                    <gmd:extentTypeCode>
                                    <gco:Boolean/>
                                    </gmd:extentTypeCode>
                                    <gmd:westBoundLongitude>
                                    <gco:Decimal/>
                                    </gmd:westBoundLongitude>
                                    <gmd:eastBoundLongitude>
                                    <gco:Decimal/>
                                    </gmd:eastBoundLongitude>
                                    <gmd:southBoundLatitude>
                                    <gco:Decimal/>
                                    </gmd:southBoundLatitude>
                                    <gmd:northBoundLatitude>
                                    <gco:Decimal/>
                                    </gmd:northBoundLatitude>
                                </gmd:EX_GeographicBoundingBox>
                            </gmd:geographicElement>
                            <gmd:verticalElement>
                                <gmd:EX_VerticalExtent>
                                    <gmd:minimumValue>
                                    <gco:Real/>
                                    </gmd:minimumValue>
                                    <gmd:maximumValue>
                                    <gco:Real/>
                                    </gmd:maximumValue>
                                    <gmd:verticalCRS>
                                    <gml:VerticalCRS gml:id="">
                                    <gml:identifier codeSpace=""/>
                                    <gml:scope/>
                                    <gml:verticalCS>
                                    <gml:VerticalCS gml:id="">
                                    <gml:identifier codeSpace=""/>
                                    <gml:axis>

                                    <gml:CoordinateSystemAxis
                                    gml:id="" gml:uom="">

                                    <gml:identifier codeSpace=""/>
                                    <gml:axisAbbrev/>
                                    <gml:axisDirection/>
                                    </gml:CoordinateSystemAxis>
                                    </gml:axis>
                                    </gml:VerticalCS>
                                    </gml:verticalCS>
                                    <gml:verticalDatum>
                                    <gml:VerticalDatum gml:id="">
                                    <gml:identifier codeSpace=""/>
                                    <gml:name/>
                                    <gml:scope/>
                                    </gml:VerticalDatum>
                                    </gml:verticalDatum>
                                    </gml:VerticalCRS>
                                    </gmd:verticalCRS>
                                </gmd:EX_VerticalExtent>
                            </gmd:verticalElement>
                        </gmd:EX_Extent>
                    </gmd:extent>
                    <gmd:levelDescription>
                        <gmd:MD_ScopeDescription>
                            <gmd:dataset/>
                        </gmd:MD_ScopeDescription>
                    </gmd:levelDescription>
                </gmd:DQ_Scope>
            </gmd:scope>
            <gmd:report gco:nilReason="missing"/>
            <gmd:lineage>
                <gmd:LI_Lineage>
                    <gmd:statement>
                        <gco:CharacterString>Estas bases cartográficas se encuentran en un proceso de creación y actualización continua a partir de datos geográficos de escalas superiores, adaptados por diversos procesos de generalización cartográfica.</gco:CharacterString>
                    </gmd:statement>
                    <gmd:processStep gco:nilReason="missing"/>
                    <gmd:source>
                        <gmd:LI_Source>
                            <gmd:description>
                                <gco:CharacterString>La información concreta de las diversas fuentes de datos empleadas, puede encontrarse en los ficheros complementarios de metadatos de cada capa de información geográfica.</gco:CharacterString>
                            </gmd:description>
                        </gmd:LI_Source>
                    </gmd:source>
                </gmd:LI_Lineage>
            </gmd:lineage>
        </gmd:DQ_DataQuality>
    </gmd:dataQualityInfo>
</gmd:MD_Metadata>
<!--Metadata generated with CatMDEdit version 5.0-->
