<?xml version="1.0" encoding="UTF-8"?>
<gmd:MD_Metadata xmlns:gco="http://www.isotc211.org/2005/gco/"
    xmlns:gmd="http://www.isotc211.org/2005/gmd/"
    xmlns:gml="http://www.opengis.net/gml/"
    xmlns:gts="http://www.isotc211.org/schemas/2005/gts/"
    xmlns:srv="http://www.isotc211.org/2005/srv/"
    xmlns:xlink="http://www.w3.org/1999/xlink/" xmlns:xsi="http://www.w3.org/2001/XMLSchema-instance">
    <gmd:fileIdentifier>
        <gco:CharacterString>se89_10_hidro_demt_a_x</gco:CharacterString>
    </gmd:fileIdentifier>
    <gmd:language>
        <gmd:LanguageCode
            codeList="./resources/codeList.xml#LanguageCode" codeListValue="spa">spa</gmd:LanguageCode>
    </gmd:language>
    <gmd:characterSet>
        <gmd:MD_CharacterSetCode
            codeList="./resources/codeList.xml#MD_CharacterSetCode" codeListValue="utf8">utf8</gmd:MD_CharacterSetCode>
    </gmd:characterSet>
    <gmd:parentIdentifier gco:nilReason="inapplicable"/>
    <gmd:hierarchyLevel gco:nilReason="missing"/>
    <gmd:hierarchyLevelName gco:nilReason="missing"/>
    <gmd:contact>
        <gmd:CI_ResponsibleParty>
            <gmd:individualName gco:nilReason="missing"/>
            <gmd:organisationName>
                <gco:CharacterString>Instituto Geográfico Nacional (IGN)</gco:CharacterString>
            </gmd:organisationName>
            <gmd:positionName gco:nilReason="missing"/>
            <gmd:role>
                <gmd:CI_RoleCode
                    codeList="./resources/codeList.xml#CI_RoleCode" codeListValue="pointOfContact">pointOfContact</gmd:CI_RoleCode>
            </gmd:role>
        </gmd:CI_ResponsibleParty>
    </gmd:contact>
    <gmd:dateStamp gco:nilReason="missing"/>
    <gmd:metadataStandardName>
        <gco:CharacterString>ISO 19115</gco:CharacterString>
    </gmd:metadataStandardName>
    <gmd:metadataStandardVersion>
        <gco:CharacterString>2003/Cor.1:2006</gco:CharacterString>
    </gmd:metadataStandardVersion>
    <gmd:identificationInfo>
        <gmd:MD_DataIdentification>
            <gmd:citation>
                <gmd:CI_Citation>
                    <gmd:title>
                        <gco:CharacterString>se89_10_hidro_demt_a_x</gco:CharacterString>
                    </gmd:title>
                    <gmd:date gco:nilReason="missing"/>
                </gmd:CI_Citation>
            </gmd:citation>
            <gmd:abstract>
                <gco:CharacterString>En el catálogo de capas de información geográfica (tipos de objetos geográficos) se hace una descripción más detallada de cada capa (atributos, asociaciones, etc.). Acceso al catálogo: http://centrodedescargas.cnig.es/CentroDescargas/documentos/InformacionCartografiaSIANE.zip Acceso al producto Cartografía base del Atlas Nacional de España (CartoBase ANE): http://centrodedescargas.cnig.es/CentroDescargas/buscar.do?filtro.codFamilia=CAANE</gco:CharacterString>
            </gmd:abstract>
            <gmd:language gco:nilReason="missing"/>
            <gmd:characterSet gco:nilReason="missing"/>
            <gmd:topicCategory gco:nilReason="missing"/>
            <gmd:extent gco:nilReason="missing"/>
        </gmd:MD_DataIdentification>
    </gmd:identificationInfo>
    <gmd:dataQualityInfo>
        <gmd:DQ_DataQuality>
            <gmd:scope>
                <gmd:DQ_Scope>
                    <gmd:level>
                        <gmd:MD_ScopeCode
                            codeList="./resources/codeList.xml#MD_ScopeCode" codeListValue="dataset">dataset</gmd:MD_ScopeCode>
                    </gmd:level>
                    <gmd:levelDescription gco:nilReason="missing"/>
                </gmd:DQ_Scope>
            </gmd:scope>
            <gmd:report gco:nilReason="missing"/>
            <gmd:lineage>
                <gmd:LI_Lineage>
                    <gmd:statement>
                        <gco:CharacterString>Los datos proceden de una generalización de las demarcaciones obtenidas en el Ministerio de Agricultura, Alimentación y Medio Ambiente. Demarcaciones hidrográficas y Organismos de cuenca: http://www.magrama.gob.es/es/cartografia-y-sig/ide/descargas/agua/ddhh-oocc.aspx</gco:CharacterString>
                    </gmd:statement>
                    <gmd:processStep gco:nilReason="missing"/>
                    <gmd:source gco:nilReason="missing"/>
                </gmd:LI_Lineage>
            </gmd:lineage>
        </gmd:DQ_DataQuality>
    </gmd:dataQualityInfo>
</gmd:MD_Metadata>
<!--Metadata generated with CatMDEdit version 5.0-->
