<?xml version="1.0" encoding="UTF-8"?>
<gmd:MD_Metadata xmlns:gco="http://www.isotc211.org/2005/gco/"
    xmlns:gmd="http://www.isotc211.org/2005/gmd/"
    xmlns:gml="http://www.opengis.net/gml/"
    xmlns:gts="http://www.isotc211.org/schemas/2005/gts/"
    xmlns:srv="http://www.isotc211.org/2005/srv/"
    xmlns:xlink="http://www.w3.org/1999/xlink/" xmlns:xsi="http://www.w3.org/2001/XMLSchema-instance">
    <gmd:fileIdentifier>
        <gco:CharacterString>se89_3_orog_hipso_l_y</gco:CharacterString>
    </gmd:fileIdentifier>
    <gmd:language>
        <gmd:LanguageCode
            codeList="./resources/codeList.xml#LanguageCode" codeListValue="spa">spa</gmd:LanguageCode>
    </gmd:language>
    <gmd:characterSet>
        <gmd:MD_CharacterSetCode
            codeList="./resources/codeList.xml#MD_CharacterSetCode" codeListValue="utf8">utf8</gmd:MD_CharacterSetCode>
    </gmd:characterSet>
    <gmd:parentIdentifier gco:nilReason="inapplicable"/>
    <gmd:hierarchyLevel gco:nilReason="missing"/>
    <gmd:hierarchyLevelName gco:nilReason="missing"/>
    <gmd:contact>
        <gmd:CI_ResponsibleParty>
            <gmd:individualName gco:nilReason="missing"/>
            <gmd:organisationName>
                <gco:CharacterString>Instituto Geográfico Nacional (IGN)</gco:CharacterString>
            </gmd:organisationName>
            <gmd:positionName gco:nilReason="missing"/>
            <gmd:role>
                <gmd:CI_RoleCode
                    codeList="./resources/codeList.xml#CI_RoleCode" codeListValue="pointOfContact">pointOfContact</gmd:CI_RoleCode>
            </gmd:role>
        </gmd:CI_ResponsibleParty>
    </gmd:contact>
    <gmd:dateStamp gco:nilReason="missing"/>
    <gmd:metadataStandardName>
        <gco:CharacterString>ISO 19115</gco:CharacterString>
    </gmd:metadataStandardName>
    <gmd:metadataStandardVersion>
        <gco:CharacterString>2003/Cor.1:2006</gco:CharacterString>
    </gmd:metadataStandardVersion>
    <gmd:identificationInfo>
        <gmd:MD_DataIdentification>
            <gmd:citation>
                <gmd:CI_Citation>
                    <gmd:title>
                        <gco:CharacterString>se89_3_orog_hipso_l_y</gco:CharacterString>
                    </gmd:title>
                    <gmd:date gco:nilReason="missing"/>
                </gmd:CI_Citation>
            </gmd:citation>
            <gmd:abstract>
                <gco:CharacterString>En el catálogo de capas de información geográfica (tipos de objetos geográficos) se hace una descripción más detallada de cada capa (atributos, asociaciones, etc.). Acceso al catálogo: http://centrodedescargas.cnig.es/CentroDescargas/documentos/InformacionCartografiaSIANE.zip Acceso al producto Cartografía base del Atlas Nacional de España (CartoBase ANE): http://centrodedescargas.cnig.es/CentroDescargas/buscar.do?filtro.codFamilia=CAANE</gco:CharacterString>
            </gmd:abstract>
            <gmd:language gco:nilReason="missing"/>
            <gmd:characterSet gco:nilReason="missing"/>
            <gmd:topicCategory gco:nilReason="missing"/>
            <gmd:extent gco:nilReason="missing"/>
        </gmd:MD_DataIdentification>
    </gmd:identificationInfo>
    <gmd:dataQualityInfo>
        <gmd:DQ_DataQuality>
            <gmd:scope>
                <gmd:DQ_Scope>
                    <gmd:level>
                        <gmd:MD_ScopeCode
                            codeList="http://www.isotc211.org/2005/resources/Codelist/gmxCodelists.xml#MD_ScopeCode"
                            codeListValue="dataset" codeSpace="ISOTC211/19115">dataset</gmd:MD_ScopeCode>
                    </gmd:level>
                </gmd:DQ_Scope>
            </gmd:scope>
            <gmd:report gco:nilReason="missing"/>
            <gmd:lineage>
                <gmd:LI_Lineage>
                    <gmd:statement>
                        <gco:CharacterString>Los datos terrestres nacionales proceden de un modelo digital de elevaciones del PNOA, los datos terrestres no nacionales proceden de STRM y los datos batimétricos proceden de GEBCO, con la excepción de algunas zonas en Galicia, Alborán, Murcia, islas Baleares e islas Canarias, donde dicho modelo fue mejorado con los datos de los proyectos CAPESME (IEO-SGP), ESPACE (IEO-SGP) y ZEEE (IHM-IEO).
    
    Modelo digital de elevaciones. Plan Nacional de Ortofotografía Aérea (PNOA). Instituto Geográfico Nacional.
    
    Modelo digital de profundidad del Mar de Alborán. Proyecto CAPESME (Cartas de Pesca del Mediterráneo). Instituto Español de Oceanografía (MINECO) - Secretaría General de Pesca (MAGRAMA). www.ieo.es/web/ieo/cartografia
    Proyecto ESPACE (Estudio de la Plataforma Continental Española). Instituto Español de Oceanografía (MINECO) - Secretaría General de Pesca (MAGRAMA). www.ieo.es/web/ieo/cartografia
    
    Modelo digital de profundidad del Mediterráneo-Baleares. Proyecto ZEEE (Zona Económica Exclusiva Española). Instituto Hidrográfico de la Marina (MDE) - Instituto Español de Oceanografía (MINECO). www.ieo.es/web/ieo/cartografia
    
    Modelo digital de profundidad del Atlántico-Galicia. Proyecto ZEEE (Zona Económica Exclusiva Española). Instituto Hidrográfico de la Marina (MDE) - Instituto Español de Oceanografía (MINECO). www.ieo.es/web/ieo/cartografia
    
    Modelo digital de profundidad del Atlántico-Canarias. Proyecto ZEEE (Zona Económica Exclusiva Española). Instituto Hidrográfico de la Marina (MDE) - Instituto Español de Oceanografía (MINECO). www.ieo.es/web/ieo/cartografia
    
    Jarvis A., H.I. Reuter, A.  Nelson, E. Guevara, 2008, Hole-filled  seamless SRTM data V4, International Centre for Tropical Agriculture (CIAT), available  from http://srtm.csi.cgiar.org.

    The GEBCO_08 Grid, version 20100927, http://www.gebco.net. International Hydrographic Organization (IHO) and the Intergovernmental Oceanographic Commission (IOC)
    </gco:CharacterString>
                    </gmd:statement>
                    <gmd:processStep gco:nilReason="missing"/>
                    <gmd:source gco:nilReason="missing"/>
                </gmd:LI_Lineage>
            </gmd:lineage>
        </gmd:DQ_DataQuality>
    </gmd:dataQualityInfo>
</gmd:MD_Metadata>
<!--Metadata generated with CatMDEdit version 5.0-->
