{"boundaryID": "ESP-ADM0-43220588", "boundaryISO": "ESP", "boundaryYear": "2017", "boundaryType": "ADM0", "boundarySource": "Instituto de Geografico Nacional", "boundaryCanonical": "", "boundaryLicense": "Creative Commons Attribution 4.0 International (CC BY 4.0)", "licenseDetail": "CC-BY 4.0", "licenseSource": "http//centrodedescargas.cnig.es/CentroDescargas/index.jsp#", "boundarySourceURL": "http//centrodedescargas.cnig.es/CentroDescargas/index.jsp", "sourceDataUpdateDate": "Thu Jan 19 07:31:04 2023", "buildDate": "Dec 12, 2023", "admUnitCount": "1", "meanVertices": "667002.0", "minVertices": "667002", "maxVertices": "667002", "meanPerimeterLengthKM": "13154.542240986726", "maxPerimeterLengthKM": "13154.542240986726", "minPerimeterLengthKM": "13154.542240986726", "meanAreaSqKM": "506009.47525178024", "minAreaSqKM": "506009.47525178024", "maxAreaSqKM": "506009.47525178024"}